{
  "avg_recall_at_k": {
    "1": 0.8571428571428571,
    "3": 0.8571428571428571,
    "5": 0.8571428571428571,
    "10": 0.8571428571428571
  },
  "avg_mrr": 0.8571428571428571,
  "avg_ndcg": {
    "5": 0.8571428571428571,
    "10": 0.8571428571428571
  },
  "avg_article_hit_at_k": {
    "1": 0.8571428571428571,
    "3": 0.8571428571428571,
    "5": 0.8571428571428571,
    "10": 1.0
  },
  "avg_chunk_hit_at_k": {
    "1": 0.8571428571428571,
    "3": 0.8571428571428571,
    "5": 0.8571428571428571,
    "10": 0.8571428571428571
  },
  "metrics_by_type": {
    "temporal": {
      "recall_at_1": 0.5,
      "recall_at_3": 0.5,
      "recall_at_5": 0.5,
      "recall_at_10": 0.5,
      "article_hit_at_1": 0.0,
      "article_hit_at_3": 0.0,
      "article_hit_at_5": 0.0,
      "article_hit_at_10": 0.0,
      "chunk_hit_at_1": 0.0,
      "chunk_hit_at_3": 0.0,
      "chunk_hit_at_5": 0.0,
      "chunk_hit_at_10": 0.0,
      "mrr": 0.5,
      "ndcg_at_5": 0.5,
      "ndcg_at_10": 0.5
    },
    "analytical": {
      "recall_at_1": 1.0,
      "recall_at_3": 1.0,
      "recall_at_5": 1.0,
      "recall_at_10": 1.0,
      "article_hit_at_1": 0.0,
      "article_hit_at_3": 0.0,
      "article_hit_at_5": 0.0,
      "article_hit_at_10": 0.0,
      "chunk_hit_at_1": 0.0,
      "chunk_hit_at_3": 0.0,
      "chunk_hit_at_5": 0.0,
      "chunk_hit_at_10": 0.0,
      "mrr": 1.0,
      "ndcg_at_5": 1.0,
      "ndcg_at_10": 1.0
    },
    "entity_centric": {
      "recall_at_1": 1.0,
      "recall_at_3": 1.0,
      "recall_at_5": 1.0,
      "recall_at_10": 1.0,
      "article_hit_at_1": 0.0,
      "article_hit_at_3": 0.0,
      "article_hit_at_5": 0.0,
      "article_hit_at_10": 0.0,
      "chunk_hit_at_1": 0.0,
      "chunk_hit_at_3": 0.0,
      "chunk_hit_at_5": 0.0,
      "chunk_hit_at_10": 0.0,
      "mrr": 1.0,
      "ndcg_at_5": 1.0,
      "ndcg_at_10": 1.0
    },
    "relationship": {
      "recall_at_1": 1.0,
      "recall_at_3": 1.0,
      "recall_at_5": 1.0,
      "recall_at_10": 1.0,
      "article_hit_at_1": 0.0,
      "article_hit_at_3": 0.0,
      "article_hit_at_5": 0.0,
      "article_hit_at_10": 0.0,
      "chunk_hit_at_1": 0.0,
      "chunk_hit_at_3": 0.0,
      "chunk_hit_at_5": 0.0,
      "chunk_hit_at_10": 0.0,
      "mrr": 1.0,
      "ndcg_at_5": 1.0,
      "ndcg_at_10": 1.0
    }
  },
  "per_question_metrics": [
    {
      "question_id": "gen_q001",
      "question": "At what specific time did Takagi launch 12 Nakajima B5Ns to scout for TF 17?",
      "type": "temporal",
      "difficulty": "easy",
      "source_article": "Battle of the Coral Sea",
      "ground_truth_count": 1,
      "retrieved_count": 10,
      "retrieval_time_ms": 36.737680435180664,
      "metrics": {
        "recall_at_1": 1.0,
        "recall_at_3": 1.0,
        "recall_at_5": 1.0,
        "recall_at_10": 1.0,
        "article_hit_at_1": 1.0,
        "article_hit_at_3": 1.0,
        "article_hit_at_5": 1.0,
        "article_hit_at_10": 1.0,
        "chunk_hit_at_1": 1.0,
        "chunk_hit_at_3": 1.0,
        "chunk_hit_at_5": 1.0,
        "chunk_hit_at_10": 1.0,
        "mrr": 1.0,
        "ndcg_at_5": 1.0,
        "ndcg_at_10": 1.0
      }
    },
    {
      "question_id": "gen_q002",
      "question": "How did the direct involvement of the authors in the military efforts during the Battle of France influence the perspectives presented in their witness accounts, and what might this reveal about the propaganda efforts through Franz Eher Nachfolger?",
      "type": "analytical",
      "difficulty": "hard",
      "source_article": "Battle of France",
      "ground_truth_count": 1,
      "retrieved_count": 10,
      "retrieval_time_ms": 22.014379501342773,
      "metrics": {
        "recall_at_1": 1.0,
        "recall_at_3": 1.0,
        "recall_at_5": 1.0,
        "recall_at_10": 1.0,
        "article_hit_at_1": 1.0,
        "article_hit_at_3": 1.0,
        "article_hit_at_5": 1.0,
        "article_hit_at_10": 1.0,
        "chunk_hit_at_1": 1.0,
        "chunk_hit_at_3": 1.0,
        "chunk_hit_at_5": 1.0,
        "chunk_hit_at_10": 1.0,
        "mrr": 1.0,
        "ndcg_at_5": 1.0,
        "ndcg_at_10": 1.0
      }
    },
    {
      "question_id": "gen_q003",
      "question": "Who were the local troops that surrendered in Singapore and became prisoners of war along with British, Indian, and Australian troops?",
      "type": "entity_centric",
      "difficulty": "easy",
      "source_article": "Fall of Singapore",
      "ground_truth_count": 1,
      "retrieved_count": 10,
      "retrieval_time_ms": 13.588190078735352,
      "metrics": {
        "recall_at_1": 1.0,
        "recall_at_3": 1.0,
        "recall_at_5": 1.0,
        "recall_at_10": 1.0,
        "article_hit_at_1": 1.0,
        "article_hit_at_3": 1.0,
        "article_hit_at_5": 1.0,
        "article_hit_at_10": 1.0,
        "chunk_hit_at_1": 1.0,
        "chunk_hit_at_3": 1.0,
        "chunk_hit_at_5": 1.0,
        "chunk_hit_at_10": 1.0,
        "mrr": 1.0,
        "ndcg_at_5": 1.0,
        "ndcg_at_10": 1.0
      }
    },
    {
      "question_id": "gen_q004",
      "question": "How did Operation Torch in November 1942 contribute to the strategic goals of the Allies and the Soviet Union, specifically in terms of relieving pressure on the Eastern Front and impacting the supply of Axis forces at Stalingrad?",
      "type": "analytical",
      "difficulty": "hard",
      "source_article": "North African campaign",
      "ground_truth_count": 1,
      "retrieved_count": 10,
      "retrieval_time_ms": 13.635873794555664,
      "metrics": {
        "recall_at_1": 1.0,
        "recall_at_3": 1.0,
        "recall_at_5": 1.0,
        "recall_at_10": 1.0,
        "article_hit_at_1": 1.0,
        "article_hit_at_3": 1.0,
        "article_hit_at_5": 1.0,
        "article_hit_at_10": 1.0,
        "chunk_hit_at_1": 1.0,
        "chunk_hit_at_3": 1.0,
        "chunk_hit_at_5": 1.0,
        "chunk_hit_at_10": 1.0,
        "mrr": 1.0,
        "ndcg_at_5": 1.0,
        "ndcg_at_10": 1.0
      }
    },
    {
      "question_id": "gen_q005",
      "question": "On what date was the agreement validating the London negotiations signed?",
      "type": "temporal",
      "difficulty": "easy",
      "source_article": "Potsdam Conference",
      "ground_truth_count": 1,
      "retrieved_count": 10,
      "retrieval_time_ms": 13.803720474243164,
      "metrics": {
        "recall_at_1": 0.0,
        "recall_at_3": 0.0,
        "recall_at_5": 0.0,
        "recall_at_10": 0.0,
        "article_hit_at_1": 0.0,
        "article_hit_at_3": 0.0,
        "article_hit_at_5": 0.0,
        "article_hit_at_10": 1.0,
        "chunk_hit_at_1": 0.0,
        "chunk_hit_at_3": 0.0,
        "chunk_hit_at_5": 0.0,
        "chunk_hit_at_10": 0.0,
        "mrr": 0.0,
        "ndcg_at_5": 0.0,
        "ndcg_at_10": 0.0
      }
    },
    {
      "question_id": "gen_q006",
      "question": "What specific items did the soldiers have strapped to their waists as mentioned in the passage?",
      "type": "entity_centric",
      "difficulty": "easy",
      "source_article": "Normandy landings",
      "ground_truth_count": 1,
      "retrieved_count": 10,
      "retrieval_time_ms": 14.104366302490234,
      "metrics": {
        "recall_at_1": 1.0,
        "recall_at_3": 1.0,
        "recall_at_5": 1.0,
        "recall_at_10": 1.0,
        "article_hit_at_1": 1.0,
        "article_hit_at_3": 1.0,
        "article_hit_at_5": 1.0,
        "article_hit_at_10": 1.0,
        "chunk_hit_at_1": 1.0,
        "chunk_hit_at_3": 1.0,
        "chunk_hit_at_5": 1.0,
        "chunk_hit_at_10": 1.0,
        "mrr": 1.0,
        "ndcg_at_5": 1.0,
        "ndcg_at_10": 1.0
      }
    },
    {
      "question_id": "gen_q007",
      "question": "How did Hitler's Operational Order No. 5 relate to Manstein's plan for the Kursk offensive?",
      "type": "relationship",
      "difficulty": "medium",
      "source_article": "Battle of Kursk",
      "ground_truth_count": 1,