{
  "phase": "phase2_hybrid_temporal",
  "total_questions": 35,
  "temporal_queries_detected": 8,
  "bm25_weight": 0.3,
  "aggregated_metrics": {
    "count": 35,
    "avg_mrr": 0.5534467120181406,
    "avg_ndcg_at_5": 0.5849193752332921,
    "avg_ndcg_at_10": 0.6132213899791589,
    "avg_recall_at_1": 0.42857142857142855,
    "avg_recall_at_3": 0.6571428571428571,
    "avg_recall_at_5": 0.7142857142857143,
    "avg_recall_at_10": 0.8,
    "avg_article_hit_at_1": 0.6285714285714286,
    "avg_chunk_hit_at_1": 0.42857142857142855,
    "avg_article_hit_at_3": 0.9142857142857143,
    "avg_chunk_hit_at_3": 0.6571428571428571,
    "avg_article_hit_at_5": 0.9142857142857143,
    "avg_chunk_hit_at_5": 0.7142857142857143,
    "avg_article_hit_at_10": 0.9714285714285714,
    "avg_chunk_hit_at_10": 0.8
  },
  "metrics_by_type": {
    "entity_centric": {
      "count": 7,
      "avg_mrr": 0.6,
      "avg_ndcg_at_5": 0.6266932581763631,
      "avg_ndcg_at_10": 0.6266932581763631,
      "avg_recall_at_1": 0.5714285714285714,
      "avg_recall_at_3": 0.5714285714285714,
      "avg_recall_at_5": 0.7142857142857143,
      "avg_recall_at_10": 0.7142857142857143,
      "avg_article_hit_at_1": 0.7142857142857143,
      "avg_chunk_hit_at_1": 0.5714285714285714,
      "avg_article_hit_at_3": 0.8571428571428571,
      "avg_chunk_hit_at_3": 0.5714285714285714,
      "avg_article_hit_at_5": 0.8571428571428571,
      "avg_chunk_hit_at_5": 0.7142857142857143,
      "avg_article_hit_at_10": 1.0,
      "avg_chunk_hit_at_10": 0.7142857142857143
    },
    "comparative": {
      "count": 10,
      "avg_mrr": 0.7476190476190476,
      "avg_ndcg_at_5": 0.75,
      "avg_ndcg_at_10": 0.7833333333333333,
      "avg_recall_at_1": 0.7,
      "avg_recall_at_3": 0.8,
      "avg_recall_at_5": 0.8,
      "avg_recall_at_10": 0.9,
      "avg_article_hit_at_1": 0.9,
      "avg_chunk_hit_at_1": 0.7,
      "avg_article_hit_at_3": 1.0,
      "avg_chunk_hit_at_3": 0.8,
      "avg_article_hit_at_5": 1.0,
      "avg_chunk_hit_at_5": 0.8,
      "avg_article_hit_at_10": 1.0,
      "avg_chunk_hit_at_10": 0.9
    },
    "temporal": {
      "count": 5,
      "avg_mrr": 0.28888888888888886,
      "avg_ndcg_at_5": 0.352371901428583,
      "avg_ndcg_at_10": 0.4125779005613793,
      "avg_recall_at_1": 0.0,
      "avg_recall_at_3": 0.6,
      "avg_recall_at_5": 0.6,
      "avg_recall_at_10": 0.8,
      "avg_article_hit_at_1": 0.2,
      "avg_chunk_hit_at_1": 0.0,
      "avg_article_hit_at_3": 0.8,
      "avg_chunk_hit_at_3": 0.6,
      "avg_article_hit_at_5": 0.8,
      "avg_chunk_hit_at_5": 0.6,
      "avg_article_hit_at_10": 1.0,
      "avg_chunk_hit_at_10": 0.8
    },
    "factual": {
      "count": 6,
      "avg_mrr": 0.611111111111111,
      "avg_ndcg_at_5": 0.6051549589285763,
      "avg_ndcg_at_10": 0.66452282344658,
      "avg_recall_at_1": 0.5,
      "avg_recall_at_3": 0.6666666666666666,
      "avg_recall_at_5": 0.6666666666666666,
      "avg_recall_at_10": 0.8333333333333334,
      "avg_article_hit_at_1": 0.8333333333333334,
      "avg_chunk_hit_at_1": 0.5,
      "avg_article_hit_at_3": 1.0,
      "avg_chunk_hit_at_3": 0.6666666666666666,
      "avg_article_hit_at_5": 1.0,
      "avg_chunk_hit_at_5": 0.6666666666666666,
      "avg_article_hit_at_10": 1.0,
      "avg_chunk_hit_at_10": 0.8333333333333334
    },
    "analytical": {
      "count": 3,
      "avg_mrr": 0.1111111111111111,
      "avg_ndcg_at_5": 0.16666666666666666,
      "avg_ndcg_at_10": 0.16666666666666666,
      "avg_recall_at_1": 0.0,
      "avg_recall_at_3": 0.3333333333333333,
      "avg_recall_at_5": 0.3333333333333333,
      "avg_recall_at_10": 0.3333333333333333,
      "avg_article_hit_at_1": 0.0,
      "avg_chunk_hit_at_1": 0.0,
      "avg_article_hit_at_3": 0.6666666666666666,
      "avg_chunk_hit_at_3": 0.3333333333333333,
      "avg_article_hit_at_5": 0.6666666666666666,
      "avg_chunk_hit_at_5": 0.3333333333333333,
      "avg_article_hit_at_10": 0.6666666666666666,
      "avg_chunk_hit_at_10": 0.3333333333333333
    },
    "relationship": {
      "count": 4,
      "avg_mrr": 0.5625,
      "avg_ndcg_at_5": 0.673134016304077,
      "avg_ndcg_at_10": 0.673134016304077,
      "avg_recall_at_1": 0.25,
      "avg_recall_at_3": 0.75,
      "avg_recall_at_5": 1.0,
      "avg_recall_at_10": 1.0,
      "avg_article_hit_at_1": 0.5,
      "avg_chunk_hit_at_1": 0.25,
      "avg_article_hit_at_3": 1.0,
      "avg_chunk_hit_at_3": 0.75,
      "avg_article_hit_at_5": 1.0,
      "avg_chunk_hit_at_5": 1.0,
      "avg_article_hit_at_10": 1.0,
      "avg_chunk_hit_at_10": 1.0
    }
  },
  "all_metrics": [
    {
      "recall_at_1": 0.0,
      "recall_at_3": 0.0,
      "recall_at_5": 0.0,
      "recall_at_10": 0.0,
      "article_hit_at_1": 0.0,
      "article_hit_at_3": 0.0,
      "article_hit_at_5": 0.0,
      "article_hit_at_10": 1.0,
      "chunk_hit_at_1": 0.0,
      "chunk_hit_at_3": 0.0,
      "chunk_hit_at_5": 0.0,
      "chunk_hit_at_10": 0.0,
      "mrr": 0.0,
      "ndcg_at_5": 0.0,
      "ndcg_at_10": 0.0
    },
    {
      "recall_at_1": 0.0,
      "recall_at_3": 0.0,
      "recall_at_5": 0.0,
      "recall_at_10": 1.0,
      "article_hit_at_1": 1.0,
      "article_hit_at_3": 1.0,
      "article_hit_at_5": 1.0,
      "article_hit_at_10": 1.0,
      "chunk_hit_at_1": 0.0,
      "chunk_hit_at_3": 0.0,
      "chunk_hit_at_5": 0.0,
      "chunk_hit_at_10": 1.0,
      "mrr": 0.14285714285714285,
      "ndcg_at_5": 0.0,
      "ndcg_at_10": 0.3333333333333333
    },
    {
      "recall_at_1": 0.0,
      "recall_at_3": 1.0,
      "recall_at_5": 1.0,
      "recall_at_10": 1.0,
      "article_hit_at_1": 1.0,
      "article_hit_at_3": 1.0,
      "article_hit_at_5": 1.0,
      "article_hit_at_10": 1.0,
      "chunk_hit_at_1": 0.0,
      "chunk_hit_at_3": 1.0,
      "chunk_hit_at_5": 1.0,
      "chunk_hit_at_10": 1.0,
      "mrr": 0.5,
      "ndcg_at_5": 0.6309297535714575,
      "ndcg_at_10": 0.6309297535714575
    },
    {
      "recall_at_1": 1.0,
      "recall_at_3": 1.0,
      "recall_at_5": 1.0,
      "recall_at_10": 1.0,
      "article_hit_at_1": 1.0,
      "article_hit_at_3": 1.0,
      "article_hit_at_5": 1.0,
      "article_hit_at_10": 1.0,
      "chunk_hit_at_1": 1.0,
      "chunk_hit_at_3": 1.0,
      "chunk_hit_at_5": 1.0,
      "chunk_hit_at_10": 1.0,
      "mrr": 1.0,
      "ndcg_at_5": 1.0,
      "ndcg_at_10": 1.0
    },
    {
      "recall_at_1": 0.0,
      "recall_at_3": 1.0,
      "recall_at_5": 1.0,
      "recall_at_10": 1.0,
      "article_hit_at_1": 0.0,
      "article_hit_at_3": 1.0,
      "article_hit_at_5": 1.0,
      "article_hit_at_10": 1.0,
      "chunk_hit_at_1": 0.0,
      "chunk_hit_at_3": 1.0,
      "chunk_hit_at_5": 1.0,
      "chunk_hit_at_10": 1.0,
      "mrr": 0.3333333333333333,
      "ndcg_at_5": 0.5,
      "ndcg_at_10": 0.5
    },
    {
      "recall_at_1": 0.0,
      "recall_at_3": 0.0,
      "recall_at_5": 0.0,
      "recall_at_10": 1.0,
      "article_hit_at_1": 1.0,
      "article_hit_at_3": 1.0,
      "article_hit_at_5": 1.0,
      "article_hit_at_10": 1.0,
      "chunk_hit_at_1": 0.0,
      "chunk_hit_at_3": 0.0,
      "chunk_hit_at_5": 0.0,
      "chunk_hit_at_10": 1.0,
      "mrr": 0.16666666666666666,
      "ndcg_at_5": 0.0,
      "ndcg_at_10": 0.3562071871080222
    },
    {
      "recall_at_1": 0.0,
      "recall_at_3": 0.0,
      "recall_at_5": 1.0,
      "recall_at_10": 1.0,
      "article_hit_at_1": 1.0,
      "article_hit_at_3": 1.0,
      "article_hit_at_5": 1.0,
      "article_hit_at_10": 1.0,
      "chunk_hit_at_1": 0.0,
      "chunk_hit_at_3": 0.0,
      "chunk_hit_at_5": 1.0,
      "chunk_hit_at_10": 1.0,
      "mrr": 0.2,
      "ndcg_at_5": 0.38685280723454163,
      "ndcg_at_10": 0.38685280723454163
    },
    {
      "recall_at_1": 1.0,
      "recall_at_3": 1.0,
      "recall_at_5": 1.0,
      "recall_at_10": 1.0,
      "article_hit_at_1": 1.0,
      "article_hit_at_3": 1.0,
      "article_hit_at_5": 1.0,
      "article_hit_at_10": 1.0,
      "chunk_hit_at_1": 1.0,